{
  "materialMappings": {
    "iron_dust": 23,
    "mythril_dust": 8,
    "tin_dust": 5,
    "zinc_nugget": 43,
    "wrought_iron_block": 26,
    "ambrosium_dust": 51,
    "mythril_molten": 7,
    "viridium_dust": 11,
    "gravitite_ingot": 52,
    "zinc_molten": 44,
    "copper_dust": 2,
    "bronze_dust": 33,
    "zinc_ingot": 41,
    "gravitite_dust": 55,
    "viridium_molten": 10,
    "coade_stone_molten": 19,
    "bronze_nugget": 31,
    "mythril_nugget": 6,
    "electrum_nugget": 35,
    "ironwood_molten": 16,
    "electrum_ingot": 34,
    "soulforged_steel_dust": 13,
    "electrum_molten": 36,
    "bronze_molten": 32,
    "bronze_ingot": 30,
    "fiery_molten": 17,
    "viridium_nugget": 9,
    "zinc_block": 42,
    "crucible_steel_dust": 22,
    "steeleaf_molten": 18,
    "endorium_dust": 21,
    "knightmetal_molten": 15,
    "ambrosium_molten": 50,
    "wrought_iron_ingot": 25,
    "copper_nugget": 0,
    "zinc_dust": 45,
    "zinc_ore": 40,
    "electrum_dense_plate": 37,
    "tin_nugget": 3,
    "wrought_iron_ore": 24,
    "wrought_iron_nugget": 27,
    "copper_molten": 1,
    "tin_molten": 4,
    "brass_ingot": 46,
    "coade_stone_block": 20,
    "electrum_dust": 38,
    "onyx_alloy_molten": 14,
    "silver_dust": 39,
    "gravitite_molten": 54,
    "gold_dust": 29,
    "wrought_iron_shard": 28,
    "brass_molten": 48,
    "soulforged_steel_molten": 12,
    "brass_nugget": 47,
    "gravitite_nugget": 53,
    "brass_dust": 49
  }
}